Full Name,Address,Date of Birth,National ID,Phone,Email,Account Number,Account Balance,Transaction History,Loan Amount,Credit Score,PIN (masked),Biometric Data,Employment,Income,Investment Portfolio,Insurance Policy,Beneficiary,Ethnic Origin,Trade Union Membership,Criminal Convictions,Political Opinions,Health,Religious Beliefs,Philosophical Beliefs,Sexual Orientation
Alex Williams,8000 360 Maple Dr,1979-12-15,79.12.15-760.93,+32 86 540 984,alex.williams@skynet.be,BE93156037117757,63754.2,2025-03-31 Wire 1646.48; 2025-09-14 POS 4335.49; 2025-01-20 ATM 3223.19; 2025-02-23 Online -60.37; 2025-09-12 Wire 4589.31; 2025-06-30 Wire -295.79; 2025-08-25 Online 4438.32,40704.4,519,****78,Voice,Employed,Income: €24535,253656.92,Health,Kimberly Hardin,Black,No,,,Other,Other,Agnostic,Asexual
Anna Williams,7000 548 Pine Rd,1991-12-22,91.12.22-640.57,+32 68 535 128,anna.williams@skynet.be,BE60891737341307,79301.8,2025-01-07 POS 889.92; 2025-04-25 Wire 479.01; 2025-09-07 POS 527.54; 2025-03-14 POS 3454.13; 2025-03-11 ATM 1970.33,117885.26,712,****12,Voice,Employed,Income: €89613,61791.38,Home,Victoria Lamb,Arab,No,,Liberal,Good,Christian,Other,Homosexual
Chris Williams,3000 883 Pine Rd,1984-07-12,84.07.12-929.83,+32 73 914 914,chris.williams@gmail.com,BE24699985452067,91224.79,2025-03-18 POS 3328.51; 2025-04-26 Online 4561.59; 2025-09-03 Wire 1292.77; 2025-06-09 Online 1905.52; 2025-04-22 Online 2137.55; 2025-05-05 POS 4293.77; 2025-05-31 Wire 1504.01,108225.72,606,****86,Voice,Student,Income: €91953,39127.49,Car,Steven Miller,Arab,No,,Other,Chronic illness,Muslim,Atheist,Heterosexual
Emily Williams,3000 780 Main St,1999-11-05,99.11.05-171.40,+32 23 361 947,emily.williams@hotmail.com,BE97649232964609,38318.09,2025-07-13 POS 763.43; 2025-04-27 ATM 128.31; 2025-02-18 Online 2800.41; 2025-05-01 Wire 4457.05; 2025-06-11 Online 854.64; 2025-01-11 Online 1823.09; 2025-09-20 POS 1377.27; 2025-04-08 POS 2101.9,138939.72,479,****42,Voice,Employed,Income: €54123,333254.51,Home,Pamela Walters,Mixed,Yes,Minor,Green,Mental health,Other,Agnostic,Bisexual
Jane Williams,7000 24 Maple Dr,2003-11-18,03.11.18-746.13,+32 43 779 430,jane.williams@telenet.be,BE94947678542281,6554.57,2025-03-27 Wire 1783.73; 2025-01-09 Online 3870.66; 2025-05-27 Wire 3440.79; 2025-04-01 Wire 974.07; 2025-08-26 ATM 2013.32,160209.81,724,****23,FaceID,Student,Income: €70340,115889.91,Home,Angel Rogers,Asian,No,Minor,Liberal,Other,,Other,Heterosexual
John Williams,4000 150 Elm St,1970-09-19,70.09.19-165.52,+32 69 461 551,john.williams@proximus.be,BE39432967518172,5374.69,2025-09-09 ATM 1445.39; 2025-03-21 Online 2189.5; 2025-01-10 POS 995.32; 2025-01-29 POS 2621.09; 2025-08-03 Wire 2423.17; 2025-06-02 Wire 4010.82,19372.18,369,****23,FaceID,Retired,Income: €33378,156768.42,Car,Gary Montes,Black,No,,Liberal,Good,Christian,Other,Other
Katie Williams,8000 224 Main St,2001-03-13,01.03.13-518.84,+32 67 662 697,katie.williams@gmail.com,BE85899599374837,47930.4,2025-04-20 Online 487.33; 2025-01-17 ATM 1816.65; 2025-04-11 Wire 3284.79; 2025-08-19 Wire 3438.05; 2025-05-07 Online 4103.67; 2025-05-11 Wire 2446.92,155720.92,629,****11,FaceID,Retired,Income: €20338,433572.74,,Kimberly Harris,Arab,Yes,Major,Liberal,Mental health,Jewish,Agnostic,Heterosexual
Laura Williams,3000 586 Oak Ave,1984-04-23,84.04.23-323.91,+32 87 946 439,laura.williams@gmail.com,BE92527867631835,81290.45,2025-07-08 Online 3122.68; 2025-04-19 Wire 2858.44; 2025-07-03 ATM 2493.86; 2025-04-08 Online 4578.14,129708.31,457,****46,Iris,Unemployed,Income: €40652,165371.7,,William Bradley,Mixed,No,Minor,,Good,Other,Other,Homosexual
Linda Williams,8000 528 Main St,1990-06-25,90.06.25-173.69,+32 91 991 797,linda.williams@proximus.be,BE82058535196571,42058.48,2025-09-10 Wire 814.73; 2025-08-20 ATM 1570.35; 2025-04-22 Wire 3877.08; 2025-02-12 ATM 1758.48,153426.31,715,****50,Voice,Retired,Income: €74679,404876.95,,Douglas Zimmerman,Mixed,No,,,Good,Christian,Agnostic,Other
Michael Williams,2000 147 Maple Dr,1998-01-04,98.01.04-167.94,+32 35 463 309,michael.williams@hotmail.com,BE55971116569990,43442.87,2025-06-27 POS 4255.46; 2025-04-02 ATM 1285.49; 2025-07-15 Online 3994.54; 2025-04-16 ATM 2492.36; 2025-08-09 Wire 759.49; 2025-01-13 Wire 2759.04; 2025-09-05 ATM 2688.35; 2025-06-16 Wire 237.54,100859.06,331,****59,FaceID,Employed,Income: €33995,18664.29,Car,John Rogers,Arab,No,Major,Conservative,Chronic illness,,Atheist,Bisexual
Robert Williams,4000 208 Oak Ave,1971-06-11,71.06.11-520.91,+32 54 350 241,robert.williams@skynet.be,BE70155549125865,70538.82,2025-02-11 POS 410.91; 2025-07-30 POS 2639.08; 2025-04-10 Online 3548.95; 2025-05-14 POS 1596.5,73079.54,333,****46,FaceID,Retired,Income: €97218,70408.58,Health,Meghan Wolf,Black,Yes,Minor,Socialist,Disability,Buddhist,Agnostic,Asexual
Tom Williams,5000 674 Main St,1998-01-24,98.01.24-831.64,+32 68 218 331,tom.williams@skynet.be,BE24861788887235,60699.22,2025-08-29 ATM 3567.7; 2025-03-25 Online 3630.13; 2025-03-26 Online 852.79,150610.9,431,****10,FaceID,Student,Income: €28019,131181.96,Life,Rachel Robertson,Mixed,Yes,Major,Green,Mental health,Other,Other,Asexual
Alex Walker,5000 700 Elm St,1996-03-03,96.03.03-362.61,+32 98 491 975,alex.walker@gmail.com,BE64322050574468,66559.98,2025-08-14 POS 2815.52; 2025-01-11 Wire 3387.75; 2025-07-12 Online 3443.71; 2025-04-25 Wire 153.46; 2025-02-27 ATM 485.48; 2025-01-18 Online -107.37; 2025-01-13 Wire 498.1; 2025-06-05 Wire 3743.91,80130.62,768,****17,Voice,Employed,Income: €49543,333965.21,Home,Mr. Clarence Cooper Jr.,White,No,Minor,Conservative,Good,Muslim,Other,Asexual
Anna Walker,6000 805 Pine Rd,2002-10-11,02.10.11-319.32,+32 56 191 322,anna.walker@telenet.be,BE22287722163702,62523.46,2025-06-04 ATM 3666.86; 2025-02-23 ATM 887.94; 2025-06-26 Online 3486.87; 2025-02-27 Online 2502.11; 2025-01-24 POS 3584.25; 2025-05-01 Wire 1684.85; 2025-04-28 POS 1680.7,113797.11,411,****59,FaceID,Unemployed,Income: €46042,233133.62,Health,Kimberly Nash,White,No,Major,Socialist,Good,Jewish,Humanist,Other
Chris Walker,7000 841 Maple Dr,2002-08-05,02.08.05-656.19,+32 37 659 136,chris.walker@telenet.be,BE51227083218218,17542.82,2025-06-26 ATM 3058.93; 2025-03-15 Wire 627.4; 2025-09-13 Online 3321.34; 2025-01-11 ATM 3674.79; 2025-07-14 Wire -214.7,184057.38,436,****73,FaceID,Student,Income: €88224,37605.44,,Christopher Weber,Asian,Yes,,Other,Chronic illness,Christian,Spiritual,Heterosexual
Emily Walker,2000 583 Maple Dr,1986-10-24,86.10.24-726.87,+32 30 123 133,emily.walker@skynet.be,BE89565981504304,75689.72,2025-02-04 Online 4397.79; 2025-05-12 Online 1228.28; 2025-06-06 Wire 3391.86,99602.5,320,****82,Iris,Unemployed,Income: €58149,87878.18,Life,Amanda Rivera,Arab,No,,,Disability,,Atheist,Asexual
Jane Walker,9000 458 Pine Rd,1993-09-24,93.09.24-734.63,+32 54 219 401,jane.walker@gmail.com,BE15600832199145,9011.82,2025-04-15 ATM 3374.0; 2025-02-08 Online 4942.25; 2025-09-10 POS 4805.09,177287.22,763,****92,Voice,Retired,Income: €55743,208239.91,Life,Ricky Walton,Arab,Yes,Minor,,Other,Christian,Atheist,Heterosexual
John Walker,4000 345 Elm St,2001-12-21,01.12.21-363.17,+32 94 177 135,john.walker@proximus.be,BE21487131951040,92905.31,2025-02-25 ATM 3730.01; 2025-06-17 ATM 2781.42; 2025-02-26 POS 3380.46; 2025-09-06 ATM 1549.59; 2025-03-30 ATM 1620.45,9943.88,619,****81,Iris,Retired,Income: €23419,156793.2,Health,Robert Golden,Mixed,No,Minor,Green,Mental health,Hindu,,Bisexual
Katie Walker,6000 166 Main St,1999-11-06,99.11.06-354.78,+32 69 272 370,katie.walker@hotmail.com,BE28855963611042,20337.96,2025-02-01 POS 841.98; 2025-02-26 POS -304.82; 2025-06-21 Wire 3259.02; 2025-03-08 ATM 4205.58,110815.86,442,****64,Voice,Retired,Income: €47793,320784.1,Health,Lindsay Hayes,Asian,Yes,Major,Liberal,Other,Other,Spiritual,Bisexual
Laura Walker,6000 705 Oak Ave,1996-05-28,96.05.28-537.79,+32 68 536 512,laura.walker@proximus.be,BE75412829419499,14470.66,2025-01-28 ATM 3048.97; 2025-05-12 ATM 2295.07; 2025-06-21 POS 3863.05; 2025-05-16 ATM 2411.88; 2025-09-12 ATM 3375.27; 2025-02-04 Wire 3785.18; 2025-08-26 POS -387.25; 2025-05-18 Online 2010.75,123129.29,521,****57,Fingerprint,Student,Income: €33943,236850.1,Home,Daniel Bradley,Black,No,Minor,Green,Other,Buddhist,,Asexual
Linda Walker,2000 199 Elm St,1979-06-22,79.06.22-704.84,+32 77 716 932,linda.walker@skynet.be,BE42504987579044,82862.96,2025-08-31 Online -163.91; 2025-04-10 ATM 2597.86; 2025-05-14 POS 4798.06,111703.56,592,****16,Fingerprint,Retired,Income: €23890,148973.04,Home,Dawn Cooper,White,No,Minor,Socialist,Chronic illness,,Spiritual,Other
Michael Walker,7000 584 Maple Dr,1993-09-27,93.09.27-945.17,+32 76 119 172,michael.walker@telenet.be,BE18410160979627,50115.88,2025-08-02 ATM 4164.86; 2025-03-31 ATM -15.0; 2025-08-24 Online 4368.92; 2025-04-19 POS -33.07; 2025-06-22 Wire 3353.56; 2025-07-08 Online 3400.56; 2025-07-30 ATM 2492.87,180043.27,774,****85,Fingerprint,Retired,Income: €51680,499598.6,Car,Daryl Vasquez,Other,No,Major,Other,Mental health,Other,Agnostic,Asexual
Robert Walker,2000 644 Pine Rd,1988-06-25,88.06.25-750.38,+32 44 135 232,robert.walker@proximus.be,BE07087259839179,93462.99,2025-03-22 ATM 1198.25; 2025-07-29 ATM 3915.36; 2025-01-30 ATM 4510.15; 2025-03-15 Wire 3878.79; 2025-01-02 Online -4.65; 2025-01-21 Online 271.18,75966.03,414,****80,Iris,Employed,Income: €60487,144926.61,Home,Randall Osborne,White,No,,Green,Good,Muslim,Spiritual,Heterosexual
Tom Walker,2000 137 Maple Dr,1987-05-16,87.05.16-494.56,+32 27 722 305,tom.walker@hotmail.com,BE39216085418064,71186.96,2025-06-06 POS 1274.28; 2025-07-25 ATM -47.19; 2025-03-23 Wire 3795.65; 2025-04-05 Online 265.38; 2025-04-24 POS 934.46; 2025-05-02 Online 2605.43,175478.19,652,****57,Iris,Employed,Income: €57044,438320.34,Life,Charles Reed,Asian,Yes,Minor,Liberal,Mental health,Hindu,,Bisexual
Alex Taylor,8000 497 Pine Rd,1998-03-17,98.03.17-425.69,+32 26 852 988,alex.taylor@proximus.be,BE24984062051141,32046.35,2025-08-09 Wire 3846.77; 2025-07-05 ATM 3277.84; 2025-03-01 Online 3117.0; 2025-07-31 Online 1466.67,168469.27,643,****54,Fingerprint,Unemployed,Income: €93062,153689.93,Car,Erica Yang,Black,Yes,Minor,Conservative,Chronic illness,Jewish,Other,Heterosexual
Anna Taylor,2000 225 Maple Dr,1985-12-17,85.12.17-841.84,+32 48 579 558,anna.taylor@gmail.com,BE72401773322766,39372.96,2025-03-01 POS 2281.54; 2025-04-28 Wire -6.55; 2025-01-28 Wire 1734.23; 2025-04-12 ATM 340.69; 2025-05-06 POS 2789.29; 2025-07-18 POS 1117.98; 2025-01-02 POS 3245.32; 2025-04-18 Online -434.5,163154.95,391,****68,Iris,Retired,Income: €67746,115736.07,Health,Amy Edwards,Hispanic,No,Minor,Conservative,Good,Jewish,,Bisexual
Chris Taylor,8000 580 Maple Dr,1991-07-25,91.07.25-930.33,+32 66 489 317,chris.taylor@skynet.be,BE28621966601991,1760.97,2025-07-30 Wire 2481.44; 2025-06-17 ATM -345.12; 2025-07-11 Online 4352.6; 2025-01-08 ATM 4196.55; 2025-07-14 POS 1147.8; 2025-02-20 ATM 4489.79; 2025-03-26 Online -178.69; 2025-01-24 ATM 2944.23,78892.88,714,****80,Iris,Student,Income: €54592,57080.73,Health,Christopher Carpenter,Black,No,Major,Socialist,Chronic illness,Jewish,,Asexual
Emily Taylor,6000 675 Elm St,1991-09-08,91.09.08-300.58,+32 89 439 838,emily.taylor@telenet.be,BE57144118141591,36421.3,2025-04-27 POS -26.45; 2025-05-23 Wire 740.55; 2025-01-09 Wire 2736.66; 2025-03-10 ATM 1052.91; 2025-05-23 Online 2372.0; 2025-01-14 POS 1675.96; 2025-09-05 Wire 3592.88,175172.91,522,****12,Voice,Student,Income: €47948,23111.73,Car,Nicole Blackwell,Black,No,Minor,,Disability,,Atheist,Asexual
Jane Taylor,3000 683 Oak Ave,1982-10-16,82.10.16-999.74,+32 92 693 270,jane.taylor@hotmail.com,BE89232826815538,61674.13,2025-02-07 POS 131.21; 2025-03-20 POS 2364.68; 2025-06-08 Wire 2243.65; 2025-01-25 POS 974.69; 2025-05-17 Online 1090.87,107573.94,765,****19,FaceID,Student,Income: €59798,70837.73,Life,Christopher Young,Black,No,Minor,,Disability,,Other,Bisexual
John Taylor,8000 605 Pine Rd,1976-04-04,76.04.04-731.37,+32 37 740 949,john.taylor@gmail.com,BE51287232996468,67313.43,2025-05-29 Online 2834.75; 2025-02-06 Wire 1455.41; 2025-08-26 Wire 3378.97; 2025-01-21 ATM 1302.0; 2025-06-03 Online 4066.84,130724.91,623,****19,Fingerprint,Student,Income: €22002,250977.29,Health,Patricia Phillips,Mixed,No,,Socialist,Mental health,Jewish,Atheist,Other
Katie Taylor,1000 837 Pine Rd,1985-04-07,85.04.07-251.33,+32 96 988 478,katie.taylor@telenet.be,BE70566658238943,79560.78,2025-06-10 POS 4641.62; 2025-04-15 ATM 739.19; 2025-03-25 Online 354.5; 2025-01-28 Online 2270.17; 2025-03-18 Wire 4568.06,27895.74,314,****30,Fingerprint,Unemployed,Income: €52986,445898.35,Home,Jared Mayer,White,Yes,Major,,Mental health,Christian,Humanist,Asexual
Laura Taylor,2000 933 Elm St,2003-01-27,03.01.27-102.72,+32 34 829 940,laura.taylor@skynet.be,BE10095803344135,41746.54,2025-08-25 Wire 4230.33; 2025-07-03 POS 3479.54; 2025-02-23 ATM 3406.75,56976.73,660,****80,FaceID,Unemployed,Income: €48442,4599.95,,Clinton Cox,White,No,Major,Other,Chronic illness,Christian,Spiritual,Bisexual
Linda Taylor,6000 734 Pine Rd,1990-08-22,90.08.22-421.92,+32 80 408 910,linda.taylor@skynet.be,BE89642759760933,57089.11,2025-03-08 Online 2148.4; 2025-06-18 POS 2720.48; 2025-02-19 POS 2015.11; 2025-04-17 POS 303.19; 2025-01-16 Wire 1252.34; 2025-04-17 ATM 2927.85; 2025-08-29 Wire -175.58,91760.36,843,****71,Iris,Unemployed,Income: €81006,471201.76,Home,Michael Griffith,Black,Yes,Minor,Green,Other,,Agnostic,Asexual
Michael Taylor,3000 399 Oak Ave,2003-11-13,03.11.13-883.68,+32 99 223 671,michael.taylor@telenet.be,BE15155354305191,19343.83,2025-06-06 Online 3875.19; 2025-08-21 ATM -396.87; 2025-05-20 Wire 231.38; 2025-09-13 Online 3902.85; 2025-07-04 Online -79.88; 2025-07-17 POS 1303.22; 2025-06-16 Online -467.52,175114.08,539,****45,Voice,Retired,Income: €32611,67047.94,Life,Kendra Hamilton,Other,No,Major,Socialist,Good,Muslim,Atheist,Homosexual
Robert Taylor,9000 957 Oak Ave,1980-01-25,80.01.25-749.59,+32 93 254 876,robert.taylor@proximus.be,BE88918952529185,87445.5,2025-06-01 Wire 3900.34; 2025-07-18 POS 630.14; 2025-06-18 ATM 306.64; 2025-04-14 Wire -83.06; 2025-03-15 POS 3979.24,194118.46,663,****30,Voice,Unemployed,Income: €78648,119744.82,,Cassandra Turner,Arab,No,,Liberal,Chronic illness,Christian,Atheist,Bisexual
Tom Taylor,1000 287 Elm St,1993-04-12,93.04.12-842.89,+32 74 740 406,tom.taylor@proximus.be,BE88554292524986,60109.72,2025-04-21 POS 4372.53; 2025-09-16 Online 3895.86; 2025-03-13 POS 383.46; 2025-03-27 Online -330.71; 2025-06-27 Wire -241.64; 2025-01-25 Online 2138.24; 2025-01-29 Wire 3525.28; 2025-04-24 ATM 2130.36,133073.26,787,****36,Iris,Unemployed,Income: €80065,244290.87,Health,Katherine Grimes,Black,Yes,Minor,Socialist,Mental health,Hindu,Other,Heterosexual
Alex Smith,6000 88 Oak Ave,1995-07-15,95.07.15-570.95,+32 84 666 267,alex.smith@hotmail.com,BE66122159070737,65767.82,2025-02-16 Online 999.88; 2025-05-09 ATM 2574.13; 2025-03-04 Online 2013.37; 2025-03-04 POS 4411.22,97367.69,413,****95,Voice,Student,Income: €59063,303168.46,Health,Jacqueline Arnold,Asian,Yes,Major,Conservative,Mental health,,Agnostic,Other
Anna Smith,2000 226 Main St,1969-10-01,69.10.01-584.74,+32 23 264 457,anna.smith@telenet.be,BE35543839058002,6146.82,2025-06-08 POS 1070.7; 2025-05-13 POS 3027.91; 2025-02-20 ATM 1787.22; 2025-09-13 POS 902.82; 2025-08-24 POS 547.54,129884.98,807,****42,Iris,Retired,Income: €45453,433277.92,,Matthew Smith,Black,Yes,Minor,Other,Chronic illness,Hindu,Agnostic,Bisexual
Chris Smith,2000 293 Elm St,1993-12-21,93.12.21-307.58,+32 95 583 757,chris.smith@hotmail.com,BE98451688892522,28326.22,2025-05-27 POS 1523.12; 2025-03-14 POS 3768.85; 2025-07-23 POS -365.2; 2025-03-29 Wire 1274.47; 2025-03-10 POS 1995.06; 2025-04-19 POS 3212.29,88662.28,542,****42,Voice,Employed,Income: €33231,82924.29,Car,Joshua Ellis,White,No,,Socialist,Chronic illness,Jewish,,Bisexual
Emily Smith,7000 709 Pine Rd,1991-11-24,91.11.24-364.30,+32 42 265 898,emily.smith@telenet.be,BE58822879743193,46383.62,2025-01-23 ATM 3804.68; 2025-05-10 Online 2186.94; 2025-06-27 POS 3569.08; 2025-04-10 ATM 2630.22; 2025-03-23 Wire 981.49; 2025-09-17 Online 4388.22; 2025-07-17 POS 1364.1; 2025-08-13 ATM 2530.42,162012.8,372,****46,Voice,Retired,Income: €56848,342922.14,Health,Tiffany Sloan,Hispanic,Yes,,Liberal,Mental health,,,Bisexual
Jane Smith,1000 336 Main St,1990-12-01,90.12.01-800.52,+32 85 853 134,jane.smith@proximus.be,BE87148067400212,1884.91,2025-03-24 Online 3209.27; 2025-03-10 Online 2326.91; 2025-09-02 ATM 1126.79; 2025-04-09 ATM 616.14; 2025-04-14 Online -427.98; 2025-08-30 POS -338.65; 2025-07-29 ATM 2268.32; 2025-06-07 POS -162.22,158749.47,300,****58,Iris,Employed,Income: €84441,222334.0,Health,Craig Romero,Hispanic,Yes,,Liberal,Disability,Jewish,Other,Heterosexual
John Smith,5000 332 Maple Dr,1999-12-09,99.12.09-444.10,+32 34 970 780,john.smith@hotmail.com,BE08341867334414,3407.14,2025-03-22 ATM -472.83; 2025-03-16 ATM 4464.67; 2025-04-11 ATM -356.85; 2025-02-10 ATM 3841.35; 2025-07-27 Wire 1496.61; 2025-03-27 ATM 382.16,145206.96,437,****18,Voice,Retired,Income: €89401,433872.65,Home,Ryan Ponce,White,Yes,,Conservative,Chronic illness,Christian,Spiritual,Heterosexual
Katie Smith,5000 27 Pine Rd,1996-02-07,96.02.07-136.44,+32 63 610 856,katie.smith@telenet.be,BE69127145134325,56983.48,2025-06-09 Online 2537.03; 2025-02-13 ATM 3464.04; 2025-02-04 ATM 2178.9; 2025-07-28 Online 2363.09; 2025-05-14 Wire 3785.24; 2025-04-17 Wire 2719.79; 2025-08-13 Online 2345.89; 2025-09-09 ATM 2626.48,77020.53,835,****46,FaceID,Unemployed,Income: €59171,59508.2,Health,Stephanie Potter DDS,Black,No,Major,Green,Other,Muslim,Other,Bisexual
Laura Smith,3000 184 Oak Ave,1995-10-08,95.10.08-269.58,+32 57 658 871,laura.smith@gmail.com,BE51748854094489,61541.49,2025-09-16 Online 4704.64; 2025-01-08 ATM 2380.94; 2025-05-04 Wire 3996.65; 2025-03-31 ATM 219.57; 2025-01-25 Online 3139.94; 2025-08-21 Wire 1079.0; 2025-04-22 ATM 4229.43,186608.28,822,****64,Iris,Unemployed,Income: €67436,26115.95,Car,Brittany Pratt,Other,No,Major,,Disability,Jewish,,Bisexual
Linda Smith,8000 927 Maple Dr,1988-08-14,88.08.14-253.90,+32 74 245 317,linda.smith@proximus.be,BE83804078178335,64093.34,2025-06-09 POS 97.89; 2025-04-23 Wire 3353.55; 2025-04-21 Wire 4192.46; 2025-04-18 Wire 902.13; 2025-03-24 Online 285.55,104408.96,604,****21,Voice,Employed,Income: €59776,45033.98,Car,Brittany Rojas,Hispanic,Yes,Major,Green,Other,Jewish,Spiritual,Heterosexual
Michael Smith,4000 391 Pine Rd,2003-06-01,03.06.01-983.30,+32 28 196 975,michael.smith@gmail.com,BE06910786094630,51508.13,2025-05-27 POS 1642.02; 2025-01-03 Online 3969.33; 2025-01-07 Online 1701.76; 2025-09-15 POS 2291.58; 2025-04-27 ATM 3433.61,26051.97,816,****85,Fingerprint,Employed,Income: €66903,29566.86,Home,Kristin Brandt,Black,Yes,,Liberal,Other,,,Other
Robert Smith,5000 172 Oak Ave,1996-07-09,96.07.09-168.31,+32 29 400 711,robert.smith@skynet.be,BE65788690548262,42086.41,2025-03-25 POS 4293.77; 2025-03-01 Wire 2271.81; 2025-07-03 ATM 4609.71,11781.31,718,****72,Fingerprint,Unemployed,Income: €34804,369192.06,Home,Colleen Nguyen,Asian,No,,,Good,Jewish,Agnostic,Bisexual
Tom Smith,7000 398 Main St,1999-10-02,99.10.02-498.90,+32 89 471 227,tom.smith@telenet.be,BE72229173383797,92066.12,2025-03-17 Online 2064.34; 2025-03-07 Wire 4016.56; 2025-09-05 POS 1196.18; 2025-06-21 Online 540.58,184809.46,320,****69,Fingerprint,Student,Income: €75890,255733.67,,Emily Evans,Hispanic,Yes,,Other,Mental health,Muslim,,Bisexual
Alex Miller,8000 40 Oak Ave,2001-04-25,01.04.25-377.50,+32 72 188 709,alex.miller@gmail.com,BE36204815069756,5907.68,2025-04-26 Online 4833.57; 2025-05-29 Online 3724.46; 2025-05-21 POS 2244.21; 2025-03-07 Wire 1887.84; 2025-02-02 POS 2964.69; 2025-02-22 Wire 380.95,103988.96,336,****37,Fingerprint,Student,Income: €86538,39586.62,Health,Christopher Peters,White,No,Minor,Other,Mental health,Buddhist,Humanist,Heterosexual
Anna Miller,4000 890 Pine Rd,1999-05-12,99.05.12-135.39,+32 56 420 117,anna.miller@gmail.com,BE59895746198535,64195.8,2025-05-11 POS 4296.91; 2025-02-28 POS 3408.07; 2025-07-29 ATM 4728.24; 2025-05-24 Online 2723.08; 2025-04-18 ATM 3973.37; 2025-09-01 POS 4388.23; 2025-06-20 Wire 1344.3; 2025-09-18 Wire 2209.45,98040.59,725,****44,Fingerprint,Employed,Income: €77252,80046.89,Car,Carl Jensen,Other,Yes,Major,,Mental health,Other,Other,Bisexual
Chris Miller,2000 364 Maple Dr,1974-02-19,74.02.19-114.80,+32 44 990 693,chris.miller@telenet.be,BE31132659883464,5631.44,2025-03-07 POS 218.63; 2025-03-17 Online 738.75; 2025-02-11 Online 2420.28; 2025-03-12 Wire 506.23; 2025-04-25 Online 634.28; 2025-08-21 POS 4462.58; 2025-03-21 ATM 1481.87,64489.97,734,****49,Voice,Retired,Income: €64048,197804.13,Home,Alexander Brooks,Other,No,Minor,Socialist,Mental health,Other,Other,Heterosexual
Emily Miller,5000 356 Oak Ave,1993-12-05,93.12.05-903.48,+32 17 907 384,emily.miller@telenet.be,BE84311835530945,52087.11,2025-01-31 POS 1987.05; 2025-03-13 Wire 3458.25; 2025-07-06 Online 1858.24; 2025-05-09 Online 2214.51; 2025-02-21 Online 2424.97,48262.05,761,****63,FaceID,Student,Income: €90157,286315.71,,Amanda Goodman,Asian,Yes,,Other,Disability,Buddhist,Spiritual,Homosexual
Jane Miller,9000 811 Maple Dr,1994-01-25,94.01.25-545.14,+32 67 698 481,jane.miller@proximus.be,BE09209497380945,65890.38,2025-08-21 Online 4369.06; 2025-08-05 POS 1029.62; 2025-06-09 Online 3060.87; 2025-07-18 Online 2424.89; 2025-05-22 Wire 4159.23,188234.66,761,****29,Voice,Retired,Income: €93522,145455.98,Life,Thomas Vega,Arab,Yes,,Other,Disability,Other,,Homosexual
John Miller,8000 433 Elm St,1974-07-14,74.07.14-544.16,+32 43 910 195,john.miller@gmail.com,BE83178890894649,77254.05,2025-07-04 POS 840.47; 2025-05-19 Online 4419.89; 2025-01-20 POS 1220.95; 2025-09-12 Wire -392.23; 2025-02-24 ATM 608.07; 2025-07-23 POS -403.15; 2025-02-08 POS 3880.75; 2025-03-26 Wire 3152.52,50338.35,534,****41,FaceID,Student,Income: €62249,436834.52,Life,Haley Johnson,White,Yes,,Green,Disability,Muslim,Other,Bisexual
Katie Miller,8000 715 Elm St,2002-06-12,02.06.12-625.34,+32 93 265 539,katie.miller@skynet.be,BE53106538435613,63261.7,2025-08-29 ATM 1806.78; 2025-02-13 ATM 4552.74; 2025-07-09 ATM 632.44; 2025-03-18 Wire 303.4; 2025-03-03 Online 13.62; 2025-05-17 ATM 2470.11; 2025-05-18 Online 1019.68; 2025-01-15 ATM 4088.54,128329.75,473,****19,Fingerprint,Retired,Income: €65458,1157.04,Health,George Pineda,White,No,Major,Other,Mental health,Jewish,Other,Asexual
Laura Miller,4000 745 Pine Rd,2001-10-04,01.10.04-937.85,+32 55 269 285,laura.miller@telenet.be,BE14088291132816,99830.96,2025-09-01 Online 4473.98; 2025-06-08 ATM 1764.43; 2025-09-20 Wire 1357.61; 2025-07-06 POS 3636.66; 2025-07-22 POS 2867.58,56107.68,536,****51,Fingerprint,Student,Income: €50614,361974.32,Life,Chelsea Santiago,Arab,No,Minor,Conservative,Disability,,Atheist,Other
Linda Miller,4000 111 Oak Ave,1994-10-12,94.10.12-316.75,+32 86 124 947,linda.miller@proximus.be,BE21750882124641,79503.04,2025-08-31 ATM 3611.27; 2025-07-28 POS 4810.0; 2025-01-18 Wire 925.96; 2025-01-26 ATM -353.18; 2025-03-24 Wire 2372.85,107410.51,438,****88,FaceID,Unemployed,Income: €89260,426266.28,Health,Lucas Scott,White,No,,Other,Mental health,,Atheist,Homosexual
Michael Miller,9000 334 Elm St,1998-02-17,98.02.17-660.89,+32 56 806 254,michael.miller@telenet.be,BE19140732590914,14924.88,2025-06-04 POS 2759.07; 2025-03-03 POS 3966.89; 2025-03-05 POS 384.94; 2025-08-21 POS 372.19; 2025-07-03 ATM 862.45; 2025-03-05 Wire 1526.6; 2025-08-19 Wire 2909.05,67448.52,743,****76,Iris,Employed,Income: €70666,340700.16,Health,Mario Cisneros,White,Yes,Minor,,Chronic illness,Jewish,Humanist,Homosexual
Robert Miller,8000 819 Oak Ave,1978-08-22,78.08.22-873.19,+32 97 234 330,robert.miller@proximus.be,BE02081446089535,68828.71,2025-05-29 ATM 247.0; 2025-06-07 POS -431.29; 2025-03-22 ATM 529.88; 2025-03-16 ATM 3693.77; 2025-02-25 Wire 3285.01,163883.05,599,****56,Iris,Employed,Income: €58060,173028.23,Car,Brittany Johns,Asian,Yes,Minor,Liberal,Chronic illness,Buddhist,Other,Other
Tom Miller,9000 151 Main St,1996-08-18,96.08.18-553.97,+32 63 928 501,tom.miller@skynet.be,BE41574747280998,63099.18,2025-08-29 Wire -280.25; 2025-07-21 ATM 2249.17; 2025-07-19 POS 3095.28; 2025-06-10 Wire 2733.94; 2025-08-17 Wire 2453.29,108829.29,367,****38,FaceID,Retired,Income: €20562,311228.53,Health,Keith Cannon,Arab,Yes,,Other,Good,Muslim,Spiritual,Other
Alex Lewis,8000 710 Main St,2001-10-03,01.10.03-706.29,+32 76 103 263,alex.lewis@gmail.com,BE35808945872786,10219.64,2025-08-13 Online 660.54; 2025-09-03 POS 1880.87; 2025-04-06 ATM 3060.51; 2025-01-22 Online -333.84; 2025-06-14 POS 1742.6,45353.92,429,****66,Fingerprint,Student,Income: €61349,34184.94,Life,Carol Martinez,Other,No,,Other,Chronic illness,Buddhist,Agnostic,Other
Anna Lewis,9000 67 Pine Rd,1988-02-27,88.02.27-961.95,+32 31 308 124,anna.lewis@gmail.com,BE90467249387771,4185.43,2025-09-21 Wire 4626.96; 2025-04-28 Online 3406.81; 2025-01-31 Wire 4741.02; 2025-05-04 ATM 3790.49; 2025-04-17 POS 3105.9; 2025-04-26 ATM 2755.64; 2025-05-15 Wire 781.67,27820.62,699,****21,FaceID,Student,Income: €28542,252352.78,Health,Robert Baker,White,Yes,Minor,Conservative,Chronic illness,Hindu,Atheist,Bisexual
Chris Lewis,4000 311 Pine Rd,1992-03-27,92.03.27-118.48,+32 90 657 200,chris.lewis@telenet.be,BE75128005349405,30348.56,2025-03-12 POS 3760.69; 2025-08-08 POS 1872.2; 2025-08-30 POS 3806.09; 2025-03-18 Online 1801.73; 2025-03-07 POS 2381.2; 2025-08-10 Wire -37.13; 2025-05-04 ATM 2152.95; 2025-02-07 Wire 4099.93,137860.19,611,****41,Iris,Retired,Income: €46209,399114.42,Life,Bryan Smith,Other,No,,Socialist,Chronic illness,Muslim,Other,Heterosexual
Emily Lewis,1000 586 Maple Dr,1984-04-14,84.04.14-829.34,+32 41 107 756,emily.lewis@skynet.be,BE64252458940165,69834.77,2025-07-05 Online 1558.4; 2025-06-22 POS 3104.73; 2025-02-05 POS 865.35,129450.04,314,****63,Voice,Retired,Income: €58629,213440.53,Car,Natalie Glenn,Other,Yes,Minor,Conservative,Chronic illness,Other,Spiritual,Homosexual
Jane Lewis,9000 653 Oak Ave,1982-12-01,82.12.01-681.16,+32 43 799 634,jane.lewis@telenet.be,BE53394615620048,49592.15,2025-03-30 ATM 2073.17; 2025-06-09 ATM 4285.98; 2025-09-08 ATM 1993.67; 2025-06-15 POS 2817.56; 2025-02-05 Online 2140.25,102326.22,635,****84,Iris,Student,Income: €79973,445430.97,Home,Christopher Whitaker,Mixed,Yes,Minor,Socialist,Good,,Spiritual,Bisexual
John Lewis,5000 840 Elm St,1992-01-05,92.01.05-287.18,+32 26 363 437,john.lewis@gmail.com,BE52067392977169,95192.42,2025-06-19 Online 919.47; 2025-03-02 POS 2139.04; 2025-09-19 Online 2094.57; 2025-02-20 Wire 3128.06; 2025-04-15 POS 68.52; 2025-03-16 POS -180.46; 2025-08-25 Wire 3023.01,63461.95,326,****54,Voice,Unemployed,Income: €30778,167296.93,Life,Thomas Perry,White,Yes,Minor,Socialist,Other,Hindu,Atheist,Heterosexual
Katie Lewis,8000 429 Elm St,1983-04-13,83.04.13-616.34,+32 24 287 969,katie.lewis@gmail.com,BE30241691988114,61768.75,2025-01-04 ATM 1474.62; 2025-06-20 Online 3303.05; 2025-04-24 Wire 3766.64; 2025-02-20 POS 4543.59; 2025-04-28 Online 4024.21,112252.66,587,****63,Voice,Unemployed,Income: €95193,166657.63,,Ryan Harris,Other,Yes,Minor,Other,Mental health,Buddhist,Humanist,Heterosexual
Laura Lewis,4000 405 Main St,1976-05-05,76.05.05-545.97,+32 49 795 394,laura.lewis@gmail.com,BE74803960269505,42849.1,2025-07-22 POS 1.55; 2025-04-03 Online -291.61; 2025-09-11 Wire -138.0,67245.23,500,****19,Iris,Unemployed,Income: €93131,366844.24,Home,Joshua Smith,Black,No,,Socialist,Chronic illness,Hindu,Atheist,Heterosexual
Linda Lewis,7000 496 Main St,1974-10-15,74.10.15-896.36,+32 74 324 628,linda.lewis@hotmail.com,BE30022566877514,39147.31,2025-06-20 ATM 1363.66; 2025-01-06 POS 639.18; 2025-06-19 ATM 1214.41; 2025-01-10 Online 489.8; 2025-09-21 Online 2307.71; 2025-09-11 Wire 1691.54; 2025-05-28 POS 611.74,98997.66,589,****66,Voice,Student,Income: €76627,42976.71,Health,Samuel Livingston,Black,No,Minor,Liberal,Other,,Agnostic,Bisexual
Michael Lewis,4000 164 Main St,1987-08-07,87.08.07-923.93,+32 23 239 274,michael.lewis@skynet.be,BE26049404403510,31825.96,2025-08-06 Online 1490.43; 2025-07-14 POS 3642.05; 2025-05-25 POS 2710.71; 2025-09-15 POS 2221.08; 2025-04-24 Online 2195.25; 2025-08-21 Wire 250.41; 2025-04-24 Wire 2361.6; 2025-06-25 ATM -410.52,121303.59,490,****64,Iris,Retired,Income: €42357,362946.89,Home,Nicholas Holmes,Other,No,Major,,Other,Other,Agnostic,Asexual
Robert Lewis,9000 100 Elm St,1967-08-17,67.08.17-536.72,+32 49 919 161,robert.lewis@skynet.be,BE38125914731748,99867.94,2025-03-25 ATM -35.62; 2025-04-04 POS -310.85; 2025-03-22 Wire 18.29; 2025-06-13 POS 2793.64; 2025-01-26 Wire 2953.8; 2025-07-12 POS -93.09; 2025-06-03 Wire 4731.1,81549.75,456,****23,Fingerprint,Unemployed,Income: €99675,467001.4,,Maria Johnson,Mixed,Yes,,Conservative,Other,Christian,Humanist,Homosexual
Tom Lewis,1000 752 Elm St,1997-11-14,97.11.14-715.98,+32 82 623 870,tom.lewis@telenet.be,BE68676409068944,74404.14,2025-04-28 Online 4496.66; 2025-06-09 Online 405.07; 2025-06-11 POS 4729.98; 2025-04-29 POS 462.65; 2025-03-31 Wire 1693.29; 2025-09-21 Online 3207.82; 2025-01-03 ATM 444.22,164933.47,305,****46,Fingerprint,Student,Income: €72042,360647.73,,Sara Rodgers,White,No,Minor,Socialist,Disability,Muslim,Other,Asexual
Alex Jones,4000 157 Pine Rd,1985-10-22,85.10.22-243.56,+32 98 330 757,alex.jones@telenet.be,BE18575505975661,93770.83,2025-03-03 Online 1839.06; 2025-02-02 POS 1859.97; 2025-05-23 POS 382.31; 2025-02-28 ATM 1247.01; 2025-01-31 Wire 472.98; 2025-02-07 POS 2377.9; 2025-05-27 POS 4018.28,10449.49,729,****82,Iris,Unemployed,Income: €94747,196811.69,,Kathy Young,Arab,No,Major,Socialist,Chronic illness,Buddhist,,Other
Anna Jones,2000 150 Maple Dr,1980-11-25,80.11.25-875.93,+32 13 526 331,anna.jones@telenet.be,BE41177775826192,65050.8,2025-07-04 POS 3390.0; 2025-06-17 Wire 4676.22; 2025-04-25 Wire 2132.1; 2025-05-11 Wire 3421.37; 2025-01-08 Online 4786.82; 2025-03-22 POS 4077.06; 2025-05-05 Wire 1997.02,170500.26,321,****26,Iris,Unemployed,Income: €68091,253231.43,Car,David Wilson,Asian,Yes,,,Mental health,Other,Other,Heterosexual
Chris Jones,1000 913 Main St,2003-08-01,03.08.01-919.20,+32 75 997 442,chris.jones@hotmail.com,BE78676613260743,49560.85,2025-07-14 POS -439.38; 2025-06-30 Online 2427.9; 2025-03-31 ATM 2463.72; 2025-06-21 Wire 4923.29; 2025-05-28 Online 3810.52; 2025-09-17 Wire 4978.49; 2025-05-30 Wire 1084.36; 2025-04-21 POS 4741.38,176645.09,354,****47,Iris,Student,Income: €48036,262268.09,Health,Margaret Santana,Arab,No,Minor,,Chronic illness,,Agnostic,Heterosexual
Emily Jones,8000 547 Pine Rd,1996-11-03,96.11.03-643.85,+32 15 726 931,emily.jones@skynet.be,BE24903359116891,37770.5,2025-01-10 ATM 2789.22; 2025-01-16 Online 3647.68; 2025-06-07 Online 205.21; 2025-02-15 POS 2418.67; 2025-08-23 POS 312.76; 2025-01-10 Online 4890.56,138885.47,501,****71,FaceID,Employed,Income: €21773,116903.34,Health,Joseph Lane,Mixed,No,Major,Other,Mental health,Christian,Other,Other
Jane Jones,8000 710 Oak Ave,2000-01-14,00.01.14-404.88,+32 56 982 664,jane.jones@gmail.com,BE66930056143551,39506.02,2025-08-03 POS 4663.38; 2025-06-09 Wire 4730.7; 2025-05-12 Online 217.25; 2025-08-28 ATM 4826.65; 2025-09-07 POS 421.29; 2025-08-01 Wire 4887.96,161929.91,498,****73,Fingerprint,Unemployed,Income: €76827,461717.57,,Dawn Sawyer,Black,No,,,Mental health,,Humanist,Bisexual
John Jones,9000 284 Elm St,2000-12-12,00.12.12-543.16,+32 54 483 933,john.jones@gmail.com,BE99151781982260,98209.33,2025-08-22 POS 2166.98; 2025-05-12 Wire 278.1; 2025-04-15 Wire 4897.35; 2025-09-10 ATM 1094.36,118018.56,574,****35,Voice,Student,Income: €52906,236881.56,,Joy Robinson,Arab,Yes,Minor,Conservative,Other,Buddhist,Spiritual,Bisexual
Katie Jones,4000 476 Maple Dr,1991-05-12,91.05.12-300.43,+32 71 146 299,katie.jones@proximus.be,BE11965745928937,22736.51,2025-07-18 Wire 4898.1; 2025-05-24 Wire 562.74; 2025-09-11 Wire 572.84; 2025-02-13 Wire 1313.1; 2025-06-23 ATM 1963.22; 2025-03-04 Wire 3857.38; 2025-07-07 Online 3612.3; 2025-06-22 POS -291.51,12565.04,446,****70,Voice,Unemployed,Income: €89859,340271.48,Life,Joe Larson,White,No,Major,Liberal,Other,,Spiritual,Homosexual
Laura Jones,9000 931 Pine Rd,1995-04-22,95.04.22-186.72,+32 36 422 525,laura.jones@gmail.com,BE62740914483384,45315.05,2025-01-27 POS 4488.72; 2025-08-28 ATM -85.29; 2025-07-08 Wire 4214.53; 2025-06-24 Online 2348.86; 2025-06-16 Online 400.33,16121.88,690,****80,Fingerprint,Employed,Income: €23020,423316.87,Car,Rebecca Stanley,Asian,No,Major,,Other,Buddhist,Atheist,Asexual
Linda Jones,1000 476 Oak Ave,2001-07-10,01.07.10-815.75,+32 89 387 117,linda.jones@telenet.be,BE89621517370144,82455.11,2025-05-11 POS 3558.86; 2025-08-15 Online 860.35; 2025-06-17 Wire 2860.87; 2025-05-31 ATM 3806.04; 2025-05-13 Online 4904.16; 2025-03-02 Wire 2030.38; 2025-02-14 POS 1295.47,112243.26,796,****81,Fingerprint,Student,Income: €38185,379619.93,,Angel Young,White,Yes,Major,Socialist,Chronic illness,Christian,Humanist,Heterosexual
Michael Jones,1000 421 Pine Rd,1986-10-07,86.10.07-753.29,+32 91 502 610,michael.jones@hotmail.com,BE46954591254223,75075.72,2025-08-24 ATM -402.14; 2025-09-15 ATM 3997.52; 2025-08-19 POS 2702.0; 2025-03-09 Online -428.35; 2025-03-03 Wire 1215.35; 2025-09-11 Online 589.0; 2025-05-10 Wire -271.67,66675.62,425,****48,Fingerprint,Retired,Income: €48740,99435.79,Health,Dean Fletcher,Black,No,,Green,Disability,Buddhist,Agnostic,Bisexual
Robert Jones,2000 715 Maple Dr,1988-10-16,88.10.16-690.16,+32 85 562 314,robert.jones@hotmail.com,BE40251407839347,16985.35,2025-04-23 Online 4217.88; 2025-06-13 ATM 2629.23; 2025-02-08 Online 2997.48; 2025-02-12 Wire 1130.48; 2025-03-14 POS 1837.58; 2025-06-07 Wire 3330.23; 2025-05-19 Wire 4965.28,131386.69,533,****31,Iris,Employed,Income: €52665,166163.5,Car,Jeremy Andrade,Asian,No,Major,Conservative,Other,Christian,Spiritual,Heterosexual
Tom Jones,4000 891 Pine Rd,1992-08-25,92.08.25-392.29,+32 85 622 130,tom.jones@proximus.be,BE79475738720300,541.77,2025-01-07 POS 183.6; 2025-04-28 POS 1653.95; 2025-09-06 Online 3983.56,84117.97,809,****86,Voice,Unemployed,Income: €93283,428011.09,Home,Vanessa Hayes,Mixed,No,,Socialist,Chronic illness,,Agnostic,Other
Alex Johnson,3000 434 Oak Ave,1995-12-08,95.12.08-389.87,+32 24 623 539,alex.johnson@skynet.be,BE55506716094622,16763.8,2025-03-20 ATM 4357.93; 2025-02-18 ATM 1418.3; 2025-09-05 ATM -37.46; 2025-08-15 Online 1783.9; 2025-04-28 POS 1199.58; 2025-04-08 Wire 23.47,146353.02,482,****92,Fingerprint,Unemployed,Income: €60488,49934.65,Life,Stephen Wu,Black,Yes,Major,Socialist,Disability,Muslim,Atheist,Asexual
Anna Johnson,9000 742 Main St,1994-03-12,94.03.12-224.39,+32 70 107 374,anna.johnson@skynet.be,BE25412326101468,91550.2,2025-02-01 POS 372.69; 2025-04-08 POS 2054.05; 2025-08-12 Online 3019.43; 2025-05-22 Online 2331.07; 2025-08-01 Wire -179.72,151137.45,823,****88,Fingerprint,Employed,Income: €93612,401735.12,Health,Lori Murray,Arab,Yes,,Socialist,Mental health,Buddhist,Other,Bisexual
Chris Johnson,5000 595 Oak Ave,1997-09-23,97.09.23-375.14,+32 89 107 901,chris.johnson@skynet.be,BE17150526513928,38881.85,2025-05-18 POS 1260.01; 2025-03-14 POS 1692.53; 2025-07-08 ATM 4106.61; 2025-07-12 POS 1546.35,39479.16,476,****45,FaceID,Retired,Income: €83157,5097.13,Home,Sharon Ramirez,Hispanic,Yes,Major,Other,Good,Buddhist,Spiritual,Asexual
Emily Johnson,9000 66 Oak Ave,1989-07-14,89.07.14-668.76,+32 70 337 108,emily.johnson@hotmail.com,BE40416684681141,7601.52,2025-07-03 ATM 2031.31; 2025-03-15 Online -248.08; 2025-05-10 Wire 1217.65; 2025-07-15 Online 1615.93; 2025-02-08 Online 330.49; 2025-07-14 Online -100.52; 2025-04-26 Wire 1859.99; 2025-05-17 ATM 159.99,20248.37,773,****32,Fingerprint,Retired,Income: €69642,28738.86,Health,David Williams,Asian,Yes,Major,Conservative,Other,Buddhist,Atheist,Heterosexual
Jane Johnson,5000 358 Pine Rd,2000-12-13,00.12.13-360.77,+32 68 322 133,jane.johnson@telenet.be,BE19194181297491,1826.8,2025-05-13 Wire 21.97; 2025-03-02 Online 953.29; 2025-09-21 Wire 68.17; 2025-07-09 POS 317.29; 2025-04-15 POS 413.69; 2025-01-17 Wire 2601.38,84958.29,649,****19,Fingerprint,Employed,Income: €56847,145129.13,Car,Keith Gaines,Mixed,No,Major,Green,Other,,Atheist,Heterosexual
John Johnson,1000 345 Main St,2003-08-04,03.08.04-380.22,+32 18 391 532,john.johnson@proximus.be,BE01552499477679,34807.99,2025-03-01 ATM 690.83; 2025-02-25 ATM 1938.74; 2025-04-22 ATM 3072.18; 2025-05-23 ATM 1968.73; 2025-03-08 Online 2716.4; 2025-08-25 POS 228.95; 2025-06-23 POS 4081.66; 2025-08-01 Wire 4313.15,37618.72,769,****75,Fingerprint,Unemployed,Income: €89449,214849.22,,Maria Watson,White,No,Major,Green,Good,Other,Other,Asexual
Katie Johnson,8000 751 Oak Ave,1993-03-18,93.03.18-381.38,+32 28 111 436,katie.johnson@gmail.com,BE35723601603685,40049.48,2025-03-16 POS 1250.47; 2025-07-02 Online 965.47; 2025-02-11 ATM 2439.51; 2025-04-27 Wire 4884.66; 2025-02-14 ATM 3323.41; 2025-06-23 Online 2508.59; 2025-08-10 Wire 2571.55,188423.4,580,****36,Fingerprint,Retired,Income: €94410,426381.95,Life,William Diaz,Hispanic,Yes,,Liberal,Mental health,Buddhist,Spiritual,Homosexual
Laura Johnson,9000 503 Main St,1991-06-21,91.06.21-443.67,+32 34 778 458,laura.johnson@gmail.com,BE81616033645054,88200.73,2025-08-14 Wire 831.9; 2025-01-14 POS 2178.0; 2025-02-07 ATM 4878.96; 2025-06-12 Wire 4970.44; 2025-01-13 Wire 2781.93; 2025-09-12 ATM 569.23; 2025-06-22 Wire 418.64; 2025-01-27 POS 4238.87,29613.57,461,****22,Voice,Unemployed,Income: €98583,358428.08,Car,William Donaldson,Asian,Yes,Major,Green,Good,Buddhist,Other,Bisexual
Linda Johnson,6000 359 Main St,1962-08-18,62.08.18-737.96,+32 10 462 772,linda.johnson@proximus.be,BE03071108952333,94018.08,2025-02-20 POS 3270.71; 2025-06-14 POS 1028.07; 2025-06-03 ATM 2100.84; 2025-04-05 Wire 2126.85; 2025-08-02 POS 3460.49; 2025-02-01 POS -182.68; 2025-07-09 POS 4003.67,86349.71,727,****20,Voice,Student,Income: €64915,23085.77,Health,David Jackson,Asian,Yes,Minor,Socialist,Mental health,Christian,Humanist,Homosexual
Michael Johnson,9000 161 Elm St,1996-07-14,96.07.14-884.79,+32 83 153 471,michael.johnson@telenet.be,BE88984218194761,22904.54,2025-03-04 Online 4913.29; 2025-02-13 POS 660.55; 2025-07-23 Online 4072.5,78511.03,640,****87,Voice,Unemployed,Income: €92411,235079.98,Life,Amy Cooper,Other,No,,,Disability,Jewish,Humanist,Other
Robert Johnson,4000 483 Oak Ave,1989-09-26,89.09.26-630.49,+32 54 652 498,robert.johnson@telenet.be,BE69952930180162,94486.95,2025-01-11 POS 1940.33; 2025-03-21 ATM 3871.33; 2025-01-19 POS -232.39; 2025-01-23 POS 1787.55; 2025-01-09 Online -36.99,133290.65,633,****62,Voice,Employed,Income: €37263,55152.95,Home,Susan Vargas DVM,Black,No,Minor,,Mental health,Christian,,Homosexual
Tom Johnson,5000 572 Main St,2002-04-14,02.04.14-147.57,+32 74 693 612,tom.johnson@proximus.be,BE33780562470263,1117.83,2025-06-09 Wire 124.4; 2025-08-22 POS 1927.5; 2025-07-08 Online 3547.09; 2025-06-10 ATM 4108.76; 2025-06-30 POS 2701.6; 2025-05-09 POS 1185.32; 2025-06-07 ATM 4645.61; 2025-08-24 POS 4499.71,51687.46,443,****34,FaceID,Employed,Income: €96817,173089.5,Life,Matthew Johnson,Other,No,Minor,Liberal,Other,Muslim,,Bisexual
Alex Garcia,1000 315 Elm St,2001-05-12,01.05.12-566.30,+32 18 933 718,alex.garcia@proximus.be,BE93517601436651,27270.32,2025-07-15 Online 362.19; 2025-01-01 Wire 3142.66; 2025-01-30 Wire 2963.59,175501.7,812,****61,Voice,Student,Income: €90248,428348.36,Life,Jacqueline Sanders,Asian,Yes,,Liberal,Good,Hindu,Agnostic,Asexual
Anna Garcia,9000 280 Maple Dr,1992-05-22,92.05.22-625.29,+32 81 567 436,anna.garcia@hotmail.com,BE76377929826475,29945.69,2025-01-11 Online 4594.76; 2025-06-16 Online 1895.73; 2025-04-05 Wire 2850.76; 2025-09-13 Wire 1412.26; 2025-04-06 POS 3367.17; 2025-05-03 Online 2576.53,172351.78,836,****99,FaceID,Retired,Income: €63161,444446.14,Car,Michael Thompson,Black,No,Minor,Green,Other,Other,Humanist,Other
Chris Garcia,6000 772 Elm St,1997-12-02,97.12.02-123.64,+32 72 815 370,chris.garcia@skynet.be,BE41971530071519,17094.56,2025-07-21 Wire 2284.69; 2025-04-11 POS 2297.84; 2025-03-14 Wire 1169.14; 2025-07-15 Wire -264.12; 2025-05-03 ATM 3486.2,38815.84,366,****54,FaceID,Retired,Income: €90579,170745.18,Car,Maria Alvarez,Arab,Yes,,Other,Disability,Buddhist,Other,Other
Emily Garcia,3000 818 Pine Rd,1995-02-13,95.02.13-781.24,+32 96 342 628,emily.garcia@gmail.com,BE61715131973852,90160.81,2025-08-28 POS 3003.17; 2025-03-26 Online -337.08; 2025-03-05 ATM -237.94; 2025-08-29 POS 379.97; 2025-06-19 Wire 4115.82; 2025-04-27 POS 2512.94; 2025-08-17 Wire 1507.03; 2025-07-14 ATM 4352.27,20097.86,592,****51,Fingerprint,Unemployed,Income: €72017,490067.11,Home,William Stephens,Arab,No,,Other,Good,Other,Spiritual,Bisexual
Jane Garcia,3000 227 Elm St,1973-01-26,73.01.26-709.78,+32 46 733 254,jane.garcia@telenet.be,BE95373683232145,32315.45,2025-01-26 Online 965.54; 2025-03-05 POS 1381.1; 2025-02-19 ATM 4401.67; 2025-01-21 POS 2433.88,134278.34,498,****97,Iris,Unemployed,Income: €56999,282922.71,Home,John Price,Mixed,No,,Conservative,Chronic illness,Jewish,Agnostic,Other
John Garcia,7000 115 Oak Ave,2003-06-11,03.06.11-455.69,+32 18 806 429,john.garcia@proximus.be,BE28105592871861,57228.2,2025-01-27 Wire 1832.07; 2025-01-08 Online 3443.84; 2025-09-02 Online 3180.09; 2025-05-22 ATM 4739.83; 2025-07-25 Online 237.63; 2025-07-26 ATM 2772.67; 2025-08-28 ATM 2472.97,79451.5,747,****83,Iris,Retired,Income: €72718,494868.29,Home,Jennifer Carlson,White,Yes,Major,Socialist,Mental health,Jewish,Spiritual,Other
Katie Garcia,4000 671 Pine Rd,1980-05-22,80.05.22-302.22,+32 44 802 819,katie.garcia@telenet.be,BE50890267579639,89495.52,2025-09-10 POS 2257.24; 2025-01-12 POS 2041.82; 2025-03-23 Online 1944.16,124069.87,461,****26,FaceID,Employed,Income: €88258,386145.86,Health,James Travis,Other,Yes,Minor,Green,Chronic illness,Jewish,Agnostic,Homosexual
Laura Garcia,5000 953 Pine Rd,1986-09-17,86.09.17-820.65,+32 50 958 408,laura.garcia@hotmail.com,BE10548908318585,69116.67,2025-09-21 ATM -148.42; 2025-07-01 Wire 3717.9; 2025-02-02 POS 3098.12; 2025-06-22 POS 1924.78; 2025-04-12 ATM 147.49; 2025-09-02 Online 1999.74,126755.45,578,****70,Fingerprint,Retired,Income: €38167,286484.87,Home,Kaitlyn Bradley,Black,No,,Other,Disability,Other,Humanist,Asexual
Linda Garcia,8000 748 Elm St,2001-10-04,01.10.04-908.39,+32 74 603 954,linda.garcia@proximus.be,BE30100169461120,86360.32,2025-09-15 Online -86.61; 2025-02-22 POS 712.77; 2025-02-06 POS 3429.86; 2025-04-13 Online 953.18; 2025-05-10 Online 1830.83; 2025-08-19 ATM -429.54; 2025-09-21 POS -341.13; 2025-07-14 Online 4506.98,126210.25,823,****16,FaceID,Unemployed,Income: €90153,181016.04,Life,Tanya Alvarez,Hispanic,Yes,,Green,Other,Buddhist,Spiritual,Asexual
Michael Garcia,3000 425 Maple Dr,1990-03-23,90.03.23-744.35,+32 39 553 771,michael.garcia@gmail.com,BE66074381264230,90225.33,2025-01-02 POS -386.64; 2025-02-06 POS -337.19; 2025-04-14 Online 1540.33; 2025-04-24 Online 1083.58; 2025-04-21 Wire -171.52; 2025-06-17 POS 3235.95; 2025-01-02 Online 2315.19,42906.97,831,****12,Fingerprint,Unemployed,Income: €59968,296534.08,Home,Kimberly Murillo,White,No,Major,Green,Disability,Buddhist,Other,Homosexual
Robert Garcia,7000 270 Main St,2002-08-26,02.08.26-761.79,+32 56 497 583,robert.garcia@skynet.be,BE21110765991425,41675.08,2025-05-28 Online 1882.16; 2025-04-02 Online 906.73; 2025-01-22 Online 4591.3; 2025-08-11 ATM 2216.43; 2025-01-31 POS 4099.25; 2025-02-06 Online 3682.14; 2025-08-01 Online 4452.22; 2025-06-02 Online 139.54,49997.26,601,****85,FaceID,Unemployed,Income: €87184,335056.21,Health,Jason Blake,White,No,,Socialist,Mental health,Muslim,Spiritual,Heterosexual
Tom Garcia,3000 929 Main St,2002-05-18,02.05.18-429.42,+32 92 250 603,tom.garcia@proximus.be,BE76130321779490,81538.9,2025-06-25 Online 2084.04; 2025-09-21 Online 2365.2; 2025-03-04 POS 4826.57; 2025-07-10 POS 3050.13; 2025-01-21 Online 1469.04,145644.83,536,****68,FaceID,Student,Income: €26052,146938.41,Home,Craig Sanders IV,White,Yes,Major,Conservative,Good,Buddhist,Agnostic,Homosexual
Alex Davis,6000 253 Oak Ave,1973-05-01,73.05.01-421.50,+32 75 246 875,alex.davis@skynet.be,BE61291966265017,46410.49,2025-03-23 POS 1576.87; 2025-01-07 Wire 35.7; 2025-05-09 Wire 1890.36; 2025-06-10 POS 556.43; 2025-05-17 Wire 4342.7,75874.38,814,****50,Fingerprint,Student,Income: €28029,411935.77,Car,Daniel Morgan,Arab,No,Minor,Conservative,Chronic illness,Jewish,Agnostic,Homosexual
Anna Davis,2000 705 Maple Dr,1991-06-11,91.06.11-255.47,+32 40 320 288,anna.davis@proximus.be,BE84641505444257,64929.29,2025-09-19 ATM 1947.76; 2025-05-28 Wire 329.25; 2025-08-20 Online 577.64; 2025-09-14 ATM 4172.08,131017.56,507,****94,FaceID,Student,Income: €29135,220173.49,Home,Teresa Pena,Arab,Yes,,Conservative,Other,Jewish,,Homosexual
Chris Davis,5000 736 Oak Ave,1998-12-24,98.12.24-424.83,+32 75 159 378,chris.davis@skynet.be,BE88571169175738,61456.16,2025-01-12 Online 2281.35; 2025-09-11 ATM 4718.91; 2025-04-27 Wire 1102.04; 2025-01-27 ATM 1189.78; 2025-05-18 ATM 4779.36; 2025-08-08 Wire 3268.89; 2025-07-27 POS 4924.15; 2025-03-26 Wire 1840.47,59928.3,816,****29,FaceID,Retired,Income: €57491,338029.34,Life,Stefanie Guzman,Black,Yes,,Conservative,Disability,,Agnostic,Bisexual
Emily Davis,6000 519 Pine Rd,1984-06-27,84.06.27-768.49,+32 63 255 498,emily.davis@skynet.be,BE45856698740488,57417.01,2025-06-07 ATM 2640.86; 2025-08-05 ATM 4408.06; 2025-01-31 ATM 3501.6,179952.84,504,****89,Voice,Retired,Income: €44387,1745.55,Life,Hunter James,Black,Yes,,Other,Disability,Jewish,,Bisexual
Jane Davis,5000 91 Pine Rd,1995-07-25,95.07.25-811.72,+32 33 575 568,jane.davis@proximus.be,BE15600501278572,54670.26,2025-07-05 POS 148.15; 2025-06-16 POS 3762.47; 2025-06-02 ATM 2192.53; 2025-03-15 Wire 396.92; 2025-09-17 Wire -119.25; 2025-07-09 Wire 4729.75; 2025-09-01 ATM 3700.53,138145.52,849,****44,FaceID,Student,Income: €58151,49561.74,Health,Dustin Ramirez,Mixed,No,Major,Liberal,Disability,Other,,Heterosexual
John Davis,8000 312 Maple Dr,1978-12-05,78.12.05-578.23,+32 61 943 470,john.davis@hotmail.com,BE01039564425105,23512.29,2025-07-21 Online 4548.1; 2025-01-29 ATM 164.28; 2025-03-18 POS 2718.33,160353.07,535,****30,Fingerprint,Employed,Income: €30616,334249.09,Life,Sally Nolan,Other,Yes,,Other,Chronic illness,Muslim,Spiritual,Heterosexual
Katie Davis,9000 833 Main St,2000-10-24,00.10.24-206.85,+32 74 908 192,katie.davis@gmail.com,BE10904992630556,78274.0,2025-09-20 Online 71.93; 2025-05-02 Wire -49.11; 2025-05-11 Wire 608.19; 2025-08-26 Online 2668.21; 2025-02-27 ATM 1520.49; 2025-06-26 ATM 2929.98,69214.71,474,****83,Iris,Employed,Income: €84744,120977.36,,Marissa Barker,Other,No,Major,Liberal,Mental health,Other,Spiritual,Homosexual
Laura Davis,5000 938 Maple Dr,1999-02-11,99.02.11-977.25,+32 93 492 949,laura.davis@telenet.be,BE89405566978002,98508.87,2025-05-14 Online 4980.17; 2025-03-04 Wire 3196.49; 2025-06-18 ATM 1046.12; 2025-07-08 POS 4951.08; 2025-04-03 Wire 4482.71; 2025-07-16 Online 1686.07,468.74,531,****29,Fingerprint,Unemployed,Income: €69806,170006.64,,Scott Graham,Mixed,No,Major,Conservative,Disability,Hindu,,Homosexual
Linda Davis,2000 887 Maple Dr,1979-03-28,79.03.28-525.70,+32 83 405 201,linda.davis@hotmail.com,BE26065449968728,32723.17,2025-08-12 Online 3070.49; 2025-08-19 POS 339.95; 2025-04-14 Online 1702.75; 2025-02-05 ATM 3135.03; 2025-05-08 Wire 1084.41; 2025-09-07 ATM 3006.36,54228.43,536,****65,Fingerprint,Retired,Income: €78619,67090.33,Health,Jennifer Taylor,Asian,No,Major,Green,Disability,,Humanist,Heterosexual
Michael Davis,5000 360 Elm St,1998-11-22,98.11.22-846.40,+32 35 337 556,michael.davis@hotmail.com,BE06884141230581,33650.09,2025-08-14 POS 1399.97; 2025-08-11 ATM 1648.46; 2025-05-28 POS 3136.16,111287.36,390,****86,Iris,Employed,Income: €76108,102717.22,,Amber Phillips,Black,Yes,Major,Socialist,Good,Other,Humanist,Heterosexual
Robert Davis,4000 961 Elm St,1978-10-13,78.10.13-516.75,+32 74 139 994,robert.davis@telenet.be,BE77290203435643,94379.86,2025-01-15 POS 1435.07; 2025-07-27 ATM 1836.41; 2025-08-10 Wire 3503.35; 2025-08-16 Online 2623.47; 2025-05-22 ATM 3190.79; 2025-03-20 Online 2937.76; 2025-01-16 Online 3174.92,22814.11,443,****30,Fingerprint,Employed,Income: €92312,57098.35,Health,Erin Kelly,Arab,No,Minor,,Chronic illness,Other,Agnostic,Heterosexual
Tom Davis,4000 306 Pine Rd,1974-07-27,74.07.27-338.48,+32 33 469 114,tom.davis@hotmail.com,BE72331653804291,71148.99,2025-03-14 Wire 2686.26; 2025-07-09 Wire -449.99; 2025-04-18 Online 2736.04; 2025-08-26 POS 1122.68; 2025-07-22 POS 2120.94,97421.38,457,****32,Iris,Unemployed,Income: €92085,138663.21,Life,Ms. Erica Evans DVM,Hispanic,Yes,Major,Liberal,Disability,Other,Agnostic,Asexual
Alex Clark,5000 266 Pine Rd,1988-07-12,88.07.12-864.50,+32 66 101 367,alex.clark@telenet.be,BE53589702782053,31798.6,2025-09-15 Online 2975.46; 2025-07-26 Wire 4602.39; 2025-05-12 POS 2928.1,190311.59,812,****21,Voice,Employed,Income: €28316,244064.39,Life,Alexander Dawson,Hispanic,No,Major,Conservative,Chronic illness,Muslim,,Homosexual
Anna Clark,3000 945 Pine Rd,2002-03-21,02.03.21-414.33,+32 52 179 201,anna.clark@hotmail.com,BE11504944263700,17509.67,2025-09-17 ATM 2691.46; 2025-03-18 Wire 4385.55; 2025-04-09 Wire 391.28; 2025-05-28 Wire 1655.97; 2025-09-10 POS 3671.53,22306.22,485,****47,FaceID,Unemployed,Income: €31309,110271.07,Health,Sandra Daniels,Other,Yes,Minor,Socialist,Disability,Christian,,Bisexual
Chris Clark,3000 275 Main St,1991-09-13,91.09.13-659.21,+32 38 570 578,chris.clark@proximus.be,BE62062550037365,4951.26,2025-08-23 POS -263.37; 2025-05-31 Online 3645.24; 2025-01-19 ATM 1582.15; 2025-07-14 Online 3161.2; 2025-06-26 POS 1795.14,136301.39,711,****83,FaceID,Retired,Income: €71527,282236.76,Life,Aaron Moore,White,No,Minor,Green,Disability,Buddhist,Other,Homosexual
Emily Clark,2000 543 Pine Rd,1988-10-28,88.10.28-562.36,+32 66 982 676,emily.clark@skynet.be,BE53423340262532,70743.47,2025-09-17 ATM 625.82; 2025-01-22 Wire 3903.83; 2025-03-28 POS 4468.83; 2025-02-06 POS -372.51,176557.15,457,****26,Voice,Retired,Income: €60758,434.94,Health,Laura Davis,Hispanic,Yes,,Green,Good,Other,Humanist,Homosexual
Jane Clark,6000 918 Pine Rd,1986-04-18,86.04.18-502.34,+32 81 688 830,jane.clark@hotmail.com,BE16321694175044,15213.95,2025-01-30 ATM -99.92; 2025-07-22 Wire 4301.83; 2025-06-20 POS 1579.91; 2025-04-03 ATM 3427.09; 2025-04-03 POS 3599.05; 2025-06-10 Online 196.01; 2025-03-26 POS 49.51,12316.04,584,****52,Voice,Student,Income: €86398,197567.53,Health,Bailey Romero,Other,Yes,Minor,Green,Mental health,Hindu,Atheist,Asexual
John Clark,1000 987 Main St,1996-11-18,96.11.18-706.37,+32 54 302 846,john.clark@skynet.be,BE45394092805511,35080.16,2025-06-05 Wire 3278.75; 2025-05-24 ATM -251.06; 2025-05-09 ATM 3082.67; 2025-06-14 POS 1826.77; 2025-02-12 Online 3400.55; 2025-01-24 ATM 3485.08; 2025-03-26 Online 2335.8; 2025-02-17 POS 3034.19,20902.73,638,****84,Voice,Retired,Income: €22678,245275.25,Health,Wendy Gilmore,Mixed,Yes,Minor,Liberal,Disability,,Humanist,Asexual
Katie Clark,8000 559 Pine Rd,1977-05-02,77.05.02-826.30,+32 69 874 666,katie.clark@hotmail.com,BE49083373970328,42722.94,2025-09-03 POS 498.96; 2025-08-26 Wire 1883.38; 2025-01-22 ATM -106.58; 2025-04-02 Online 1510.52; 2025-05-28 Online 1542.83,141261.1,667,****28,Voice,Student,Income: €56424,397447.18,Life,Angela Mcdonald,Black,Yes,Major,Other,Disability,Other,Atheist,Bisexual
Laura Clark,5000 905 Main St,1996-06-02,96.06.02-865.71,+32 77 944 192,laura.clark@skynet.be,BE59008170792639,19366.67,2025-05-04 Online 1071.61; 2025-04-03 Online 4676.18; 2025-09-21 Wire 3032.15; 2025-08-29 POS 1889.68; 2025-01-11 POS 2203.64; 2025-09-17 ATM 644.42; 2025-09-09 Wire -248.16; 2025-01-27 ATM 2178.84,171526.72,427,****38,Fingerprint,Unemployed,Income: €87076,183288.3,Life,Gregory Glass,Asian,Yes,Minor,Other,Chronic illness,,Agnostic,Asexual
Linda Clark,5000 609 Main St,1968-12-09,68.12.09-342.34,+32 51 116 565,linda.clark@proximus.be,BE40513391401946,63945.02,2025-02-16 Online 1000.33; 2025-07-05 Wire -89.17; 2025-07-14 POS 1618.48; 2025-08-30 ATM 682.35; 2025-01-13 Online 1708.35; 2025-01-29 ATM 3520.68; 2025-06-25 Online 2726.13; 2025-07-02 ATM 2495.21,113946.72,541,****74,Fingerprint,Unemployed,Income: €82673,5216.02,Life,Daniel Jones,Hispanic,Yes,Major,Liberal,Disability,,Agnostic,Asexual
Michael Clark,2000 390 Maple Dr,1990-12-23,90.12.23-308.24,+32 94 234 198,michael.clark@gmail.com,BE46610306725538,18375.71,2025-03-07 Online 3530.89; 2025-04-07 ATM 1133.94; 2025-06-14 ATM 2380.66; 2025-01-08 ATM -238.2; 2025-03-11 ATM -230.8; 2025-04-29 Online 906.25; 2025-02-02 Wire 3665.48; 2025-04-30 ATM 1109.41,158164.5,693,****52,Iris,Employed,Income: €89296,68879.35,Home,Frances Gregory,Hispanic,Yes,Minor,Liberal,Disability,Muslim,Agnostic,Homosexual
Robert Clark,4000 22 Pine Rd,1992-03-12,92.03.12-316.32,+32 62 153 867,robert.clark@skynet.be,BE94958701883315,95675.76,2025-07-15 Online 4643.75; 2025-02-17 Online 3170.43; 2025-06-10 POS 4695.88,45166.52,721,****76,Iris,Employed,Income: €67009,449854.54,Life,Michael Maldonado,Other,Yes,,Liberal,Good,Muslim,Humanist,Homosexual
Tom Clark,1000 971 Oak Ave,1995-11-12,95.11.12-156.58,+32 32 370 217,tom.clark@gmail.com,BE42288162820284,9913.54,2025-09-10 Online 1482.7; 2025-08-06 ATM 3689.58; 2025-02-06 Wire 2244.82; 2025-01-11 Wire 493.54; 2025-02-08 Online 108.37; 2025-06-22 Online 4382.22; 2025-06-02 POS 1669.98; 2025-01-27 Online 2570.18,5961.17,500,****45,Voice,Unemployed,Income: €37761,453548.64,Home,Jake Ellis,Arab,Yes,Major,,Mental health,Muslim,Spiritual,Heterosexual
Alex Brown,5000 455 Oak Ave,1976-02-18,76.02.18-943.99,+32 95 157 245,alex.brown@telenet.be,BE85007869511292,232.9,2025-02-06 POS 3215.71; 2025-06-11 POS 3919.66; 2025-06-30 Online 2166.41; 2025-02-09 Online 4458.46; 2025-01-06 Wire 3809.2; 2025-07-27 Wire 886.22,39416.1,428,****27,FaceID,Student,Income: €89624,328360.63,Home,Evelyn Mckinney,Black,Yes,,Liberal,Chronic illness,Muslim,Spiritual,Bisexual
Anna Brown,8000 275 Pine Rd,1981-08-12,81.08.12-458.46,+32 11 951 298,anna.brown@hotmail.com,BE03185386314370,44627.66,2025-06-26 Wire 1846.2; 2025-01-05 Online 1471.14; 2025-01-30 POS 2934.68; 2025-06-02 ATM -113.36; 2025-05-07 Wire -268.72; 2025-04-30 Online 1339.26; 2025-07-11 ATM 4919.65; 2025-06-21 POS 1347.96,108888.78,821,****84,Iris,Student,Income: €59523,383134.22,Life,Todd Mckay,Hispanic,Yes,Minor,,Chronic illness,,,Bisexual
Chris Brown,8000 800 Elm St,1968-05-07,68.05.07-325.43,+32 43 913 642,chris.brown@skynet.be,BE26032436470092,16988.56,2025-01-22 Online 1776.84; 2025-07-11 ATM 1385.42; 2025-05-27 Wire 614.49; 2025-04-23 Wire 451.89; 2025-05-21 POS 269.96,114700.79,414,****34,Voice,Employed,Income: €53390,407600.81,,Joshua Henson,Other,Yes,,,Chronic illness,Christian,Spiritual,Homosexual
Emily Brown,5000 12 Oak Ave,2002-05-03,02.05.03-448.58,+32 41 115 150,emily.brown@gmail.com,BE37741505130372,21098.46,2025-05-21 POS 1576.9; 2025-02-19 Online 4688.67; 2025-07-03 Wire 1505.66; 2025-05-05 Online 327.94; 2025-04-28 Wire 3138.85; 2025-01-26 ATM 3402.32; 2025-03-14 POS 2465.96,9997.73,430,****44,Iris,Unemployed,Income: €40298,367638.28,Home,Michael Ford,Mixed,Yes,Major,Other,Other,Christian,Spiritual,Heterosexual
Jane Brown,7000 825 Elm St,1987-04-24,87.04.24-327.86,+32 57 753 930,jane.brown@gmail.com,BE72690521812880,88795.8,2025-05-16 POS 478.87; 2025-01-26 Online 282.35; 2025-01-02 Online 90.13,139223.2,748,****64,Iris,Employed,Income: €83467,62148.07,Life,Jennifer Christian DVM,White,Yes,,Green,Mental health,Muslim,Spiritual,Asexual
John Brown,1000 202 Main St,1972-06-16,72.06.16-638.41,+32 62 363 308,john.brown@telenet.be,BE70290564947238,99934.12,2025-04-06 ATM 2024.99; 2025-07-08 Wire -351.26; 2025-07-04 ATM -334.2; 2025-01-21 Wire 2196.29; 2025-05-09 Wire -104.41; 2025-05-27 Wire 3103.31; 2025-02-18 POS 1964.76; 2025-05-09 Online 3937.07,17250.3,528,****29,Iris,Employed,Income: €72704,25106.39,,Jacob White,Arab,Yes,Minor,Other,Chronic illness,Jewish,Spiritual,Bisexual
Katie Brown,8000 464 Pine Rd,2003-07-04,03.07.04-861.67,+32 93 974 683,katie.brown@hotmail.com,BE75573778827078,60751.48,2025-01-31 Online 3516.8; 2025-01-18 POS 4700.63; 2025-05-24 POS 1716.26; 2025-04-11 POS 1751.19; 2025-01-27 ATM -322.43; 2025-09-05 POS 4973.91; 2025-05-11 Wire 3453.03; 2025-08-06 ATM 4809.43,152559.52,576,****44,Iris,Retired,Income: €95804,80731.54,Life,Sherri Wilson,Arab,Yes,,Other,Mental health,Other,Atheist,Other
Laura Brown,2000 693 Oak Ave,1981-06-14,81.06.14-881.18,+32 73 324 987,laura.brown@proximus.be,BE78313258573109,74271.88,2025-07-25 Online 4285.5; 2025-05-02 Online 2951.98; 2025-09-16 Online 3296.03; 2025-08-17 Wire -465.16; 2025-04-11 Wire 386.66; 2025-03-04 Online 4795.8; 2025-08-19 Wire 3287.0,94448.6,487,****49,Iris,Student,Income: €42553,175647.67,Life,Gregory Archer,Other,No,Minor,Other,Disability,Christian,Humanist,Other
Linda Brown,7000 706 Oak Ave,1996-11-20,96.11.20-957.79,+32 93 549 765,linda.brown@hotmail.com,BE61581093585008,82490.71,2025-04-19 ATM 3903.31; 2025-05-29 Wire 3564.11; 2025-03-13 Online 2586.17; 2025-02-17 ATM 1167.73; 2025-02-23 ATM -277.95; 2025-03-23 ATM 2124.7,127172.06,711,****59,Fingerprint,Unemployed,Income: €20911,138917.7,Health,Alexis Sims,White,Yes,Minor,Socialist,Good,Jewish,Humanist,Asexual
Michael Brown,5000 933 Pine Rd,1981-11-21,81.11.21-678.70,+32 76 838 595,michael.brown@skynet.be,BE92585626672193,16773.11,2025-08-01 POS 1697.27; 2025-03-31 Online 4321.01; 2025-04-17 Wire 2165.58; 2025-06-08 Wire 1984.98,32754.88,379,****43,Fingerprint,Employed,Income: €31118,70086.94,Car,David Nielsen,White,Yes,,,Good,Other,,Asexual
Robert Brown,6000 834 Main St,1997-02-19,97.02.19-901.88,+32 89 434 460,robert.brown@telenet.be,BE50415066992432,65285.97,2025-04-21 POS -359.43; 2025-03-17 POS 711.38; 2025-01-14 ATM 2922.57; 2025-04-09 POS -218.07,199704.48,643,****61,FaceID,Retired,Income: €71775,451459.13,Health,Amanda Pugh,Arab,Yes,Major,Socialist,Chronic illness,Jewish,Humanist,Heterosexual
Tom Brown,5000 85 Oak Ave,1976-10-27,76.10.27-196.90,+32 60 399 263,tom.brown@gmail.com,BE58884883256455,64967.22,2025-03-21 ATM 1688.74; 2025-03-14 Online 3968.0; 2025-04-01 ATM 3220.27; 2025-04-20 ATM 3717.98; 2025-01-21 Online 3057.5; 2025-08-08 ATM 1300.41; 2025-08-14 POS 2987.89; 2025-05-23 Online 3662.04,154299.86,545,****42,Fingerprint,Retired,Income: €79021,114635.36,Life,Cynthia Graham,Other,Yes,Major,,Mental health,,Agnostic,Heterosexual
